year,smile_count,nonsmile_count,smile_factor
1911,0,23,0.0
1921,2,28,0.06666666666666667
1931,3,27,0.1
1941,1,29,0.03333333333333333
1951,5,25,0.16666666666666666
1961,13,17,0.43333333333333335
